{
  "ABSTRACT": {
    "content": {}
  },
  "1 INTRODUCTION": {
    "content": {
      "figure": [
        [
          913.4409930000423,
          1607.2171762222893,
          1488.8207842845768,
          1920.9571876240616,
          0,
          ""
        ],
        [
          176.81844507678088,
          235.08187737816937,
          760.6987508337053,
          598.5106518712446,
          1,
          ""
        ]
      ]
    }
  },
  "2 PROBLEM DEFINITION": {
    "content": {
      "figure": [
        [
          217.20814949597704,
          1017.6845170949543,
          737.3574968143377,
          1138.7609676491925,
          2,
          ""
        ]
      ]
    }
  },
  "3 FRAMEWORK OF SEARCH": {
    "content": {}
  },
  "4 TOP-K STAR MATCHING": {
    "content": {
      "figure": [
        [
          159.85213426879423,
          1133.4329267313203,
          837.128739757633,
          1584.8497605070543,
          3,
          ""
        ]
      ]
    },
    "4.2 Top-h Node Matching": {
      "content": {
        "figure": [
          [
            207.99833975576644,
            231.17256047807453,
            754.3740982567269,
            533.8428528951748,
            4,
            ""
          ]
        ]
      }
    },
    "4.3 Edge Judging": {
      "content": {
        "figure": [
          [
            219.14581617453197,
            887.8050119934973,
            764.6120128219785,
            1192.7376048345088,
            5,
            ""
          ]
        ]
      }
    }
  },
  "5 TOP-K JOIN & PATTERN DECOMPOSITION": {
    "content": {},
    "5.1 Top-k Join": {
      "content": {
        "figure": [
          [
            944.1605390510709,
            1214.268137029763,
            1481.4721013305618,
            1618.8278020969688,
            5,
            ""
          ]
        ]
      }
    },
    "5.2 Pattern Decomposition": {
      "content": {}
    }
  },
  "6 EVALUATION": {
    "content": {},
    "6.1 Setup": {
      "content": {}
    },
    "6.2 Experimental Results": {
      "content": {
        "figure": [
          [
            181.256820217315,
            524.2969509274676,
            775.1450795473975,
            750.2356954146715,
            7,
            ""
          ],
          [
            175.05770756969375,
            1396.3277324340422,
            781.1336221622773,
            1615.24326851239,
            7,
            ""
          ],
          [
            910.8465722339567,
            230.722920217427,
            1514.346710393209,
            454.6337411810833,
            7,
            ""
          ],
          [
            910.3605396510387,
            841.0300881555651,
            1510.013886921402,
            1063.4125812228745,
            7,
            ""
          ],
          [
            909.8427647716239,
            1542.8316953530402,
            1511.5378584682621,
            1766.362511445209,
            7,
            ""
          ],
          [
            174.71022755112142,
            492.1793638414334,
            776.7795518307184,
            685.8732515015229,
            8,
            ""
          ],
          [
            177.893864695928,
            955.3597737741537,
            780.6635460563616,
            1152.476978287787,
            8,
            ""
          ]
        ]
      }
    }
  },
  "7 RELATED WORK": {
    "content": {}
  },
  "8 CONCLUSION": {
    "content": {}
  },
  "ACKNOWLEDGMENTS": {
    "content": {}
  }
}